location,date,vaccine,source_url,total_vaccinations,people_vaccinated,people_fully_vaccinated
Sri Lanka,2021-01-28,Oxford/AstraZeneca,https://timesofindia.indiatimes.com/india/no-adverse-reactions-so-far-following-vaccination-sri-lanka/articleshow/80600343.cms,0,0,
Sri Lanka,2021-01-29,Oxford/AstraZeneca,https://timesofindia.indiatimes.com/india/no-adverse-reactions-so-far-following-vaccination-sri-lanka/articleshow/80600343.cms,5286,5286,
Sri Lanka,2021-01-30,Oxford/AstraZeneca,https://www.newsfirst.lk/2021/01/30/32539-people-received-the-astrazeneca-covishield-vaccine-on-saturday-30/,37825,37825,
Sri Lanka,2021-01-31,Oxford/AstraZeneca,http://www.adaderana.lk/news/71215/nearly-60000-frontline-health-workers-vaccinated-so-far,59154,59154,
Sri Lanka,2021-02-01,Oxford/AstraZeneca,https://twitter.com/Rumindahg/status/1356680966786273280,95550,95550,
Sri Lanka,2021-02-02,Oxford/AstraZeneca,https://twitter.com/Rumindahg/status/1356680966786273280,118767,118767,
Sri Lanka,2021-02-03,Oxford/AstraZeneca,https://twitter.com/Rumindahg/status/1357003103891935233,139914,139914,
Sri Lanka,2021-02-04,Oxford/AstraZeneca,https://twitter.com/Rumindahg/status/1357745308390875137,146327,146327,
Sri Lanka,2021-02-05,Oxford/AstraZeneca,https://twitter.com/Rumindahg/status/1357745308390875137,156310,156310,
Sri Lanka,2021-02-06,Oxford/AstraZeneca,https://twitter.com/Rumindahg/status/1359539864694181890,160148,160148,
Sri Lanka,2021-02-07,Oxford/AstraZeneca,https://twitter.com/Rumindahg/status/1359539864694181890,161773,161773,
Sri Lanka,2021-02-08,Oxford/AstraZeneca,https://twitter.com/Rumindahg/status/1359539864694181890,167762,167762,
Sri Lanka,2021-02-09,Oxford/AstraZeneca,https://twitter.com/Rumindahg/status/1359539864694181890,174193,174193,
Sri Lanka,2021-02-10,Oxford/AstraZeneca,https://twitter.com/Rumindahg/status/1359539864694181890,176725,176725,
Sri Lanka,2021-02-11,Oxford/AstraZeneca,https://twitter.com/Rumindahg/status/1361005798323720192,178087,178087,
Sri Lanka,2021-02-12,Oxford/AstraZeneca,https://twitter.com/Rumindahg/status/1361005798323720192,179197,179197,
Sri Lanka,2021-02-13,Oxford/AstraZeneca,https://twitter.com/Rumindahg/status/1361005798323720192,186654,186654,
Sri Lanka,2021-02-14,Oxford/AstraZeneca,https://twitter.com/Rumindahg/status/1361144846258298881,189349,189349,
Sri Lanka,2021-02-15,Oxford/AstraZeneca,https://twitter.com/Rumindahg/status/1361751777301860354,192938,192938,
Sri Lanka,2021-02-16,Oxford/AstraZeneca,https://twitter.com/Rumindahg/status/1361751777301860354,196163,196163,
Sri Lanka,2021-02-17,Oxford/AstraZeneca,https://twitter.com/Rumindahg/status/1362947566539710469,210405,210405,
Sri Lanka,2021-02-18,Oxford/AstraZeneca,https://twitter.com/Rumindahg/status/1362947566539710469,233472,233472,
Sri Lanka,2021-02-19,Oxford/AstraZeneca,https://twitter.com/Rumindahg/status/1362947566539710469,263779,263779,
Sri Lanka,2021-02-20,Oxford/AstraZeneca,https://twitter.com/Rumindahg/status/1363344193343561731,302857,302857,
Sri Lanka,2021-02-21,Oxford/AstraZeneca,https://twitter.com/Rumindahg/status/1363536799935569920,338769,338769,
Sri Lanka,2021-02-22,Oxford/AstraZeneca,https://twitter.com/Rumindahg/status/1363924714771505153,354352,354352,
Sri Lanka,2021-02-23,Oxford/AstraZeneca,https://twitter.com/Rumindahg/status/1364257708870836225,366907,366907,
Sri Lanka,2021-02-24,Oxford/AstraZeneca,https://twitter.com/Rumindahg/status/1364979958007783425,393469,393469,
Sri Lanka,2021-02-26,Oxford/AstraZeneca,https://twitter.com/Rumindahg/status/1365308121002827776,406633,406633,
Sri Lanka,2021-02-27,Oxford/AstraZeneca,https://twitter.com/Rumindahg/status/1365704760716791812,441976,441976,
Sri Lanka,2021-02-28,Oxford/AstraZeneca,https://twitter.com/Rumindahg/status/1366090667693273088,466350,466350,
Sri Lanka,2021-03-01,Oxford/AstraZeneca,https://twitter.com/Rumindahg/status/1366450361528029184,509275,509275,
Sri Lanka,2021-03-02,Oxford/AstraZeneca,https://twitter.com/Rumindahg/status/1366787224763736064,553821,553821,
Sri Lanka,2021-03-03,Oxford/AstraZeneca,https://twitter.com/Rumindahg/status/1368507188021391365,599991,599991,
Sri Lanka,2021-03-04,Oxford/AstraZeneca,https://twitter.com/Rumindahg/status/1368507188021391365,650991,650991,
Sri Lanka,2021-03-05,Oxford/AstraZeneca,https://twitter.com/Rumindahg/status/1368507188021391365,699521,699521,
Sri Lanka,2021-03-06,Oxford/AstraZeneca,https://twitter.com/Rumindahg/status/1368507188021391365,724278,724278,
Sri Lanka,2021-03-07,Oxford/AstraZeneca,https://twitter.com/Rumindahg/status/1368995358185951234,729562,729562,
Sri Lanka,2021-03-08,Oxford/AstraZeneca,https://twitter.com/Rumindahg/status/1368995358185951234,737062,737062,
Sri Lanka,2021-03-09,Oxford/AstraZeneca,https://twitter.com/Rumindahg/status/1369315221953679363,743775,743775,
Sri Lanka,2021-03-10,Oxford/AstraZeneca,https://twitter.com/Rumindahg/status/1369702951598497795,752098,752098,
Sri Lanka,2021-03-11,Oxford/AstraZeneca,https://twitter.com/Rumindahg/status/1370583763676131331,759548,759548,
Sri Lanka,2021-03-12,Oxford/AstraZeneca,https://twitter.com/Rumindahg/status/1370583763676131331,760765,760765,
Sri Lanka,2021-03-13,Oxford/AstraZeneca,https://twitter.com/Rumindahg/status/1370786499583614976,770408,770408,
Sri Lanka,2021-03-14,Oxford/AstraZeneca,https://twitter.com/Rumindahg/status/1371157821299957763,773011,773011,
Sri Lanka,2021-03-15,Oxford/AstraZeneca,https://twitter.com/Rumindahg/status/1372412396627578883,784500,784500,
Sri Lanka,2021-03-16,Oxford/AstraZeneca,https://twitter.com/Rumindahg/status/1372412396627578883,796792,796792,
Sri Lanka,2021-03-17,Oxford/AstraZeneca,https://twitter.com/Rumindahg/status/1372412396627578883,806449,806449,
Sri Lanka,2021-03-18,Oxford/AstraZeneca,https://twitter.com/Rumindahg/status/1372966146832408577,815585,815585,
Sri Lanka,2021-03-19,Oxford/AstraZeneca,https://twitter.com/Rumindahg/status/1372966146832408577,824523,824523,
Sri Lanka,2021-03-20,Oxford/AstraZeneca,https://twitter.com/Rumindahg/status/1374066940960858118,829220,829220,
Sri Lanka,2021-03-21,Oxford/AstraZeneca,https://twitter.com/Rumindahg/status/1374066940960858118,829865,829865,
Sri Lanka,2021-03-22,Oxford/AstraZeneca,https://twitter.com/Rumindahg/status/1374066940960858118,838355,838355,
Sri Lanka,2021-03-27,Oxford/AstraZeneca,https://www.epid.gov.lk/web/images/pdf/corona_virus_report/sitrep-sl-en-27-03_10_21.pdf,884164,884164,
Sri Lanka,2021-03-28,Oxford/AstraZeneca,https://www.epid.gov.lk/web/images/pdf/corona_virus_report/sitrep-sl-en-28-03_10_21.pdf,894053,894053,
Sri Lanka,2021-03-29,Oxford/AstraZeneca,https://www.epid.gov.lk/web/images/pdf/corona_virus_report/sitrep-sl-en-29-03_10_21.pdf,894365,894365,
Sri Lanka,2021-03-30,Oxford/AstraZeneca,https://www.epid.gov.lk/web/images/pdf/corona_virus_report/sitrep-sl-en-30-03_10_21.pdf,903467,903467,
Sri Lanka,2021-03-31,Oxford/AstraZeneca,https://www.epid.gov.lk/web/images/pdf/corona_virus_report/sitrep-sl-en-31-03_10_21.pdf,913219,913219,
Sri Lanka,2021-04-01,Oxford/AstraZeneca,https://www.epid.gov.lk/web/images/pdf/corona_virus_report/sitrep-sl-en-01-04_10_21.pdf,919753,919753,
Sri Lanka,2021-04-02,Oxford/AstraZeneca,https://www.epid.gov.lk/web/images/pdf/corona_virus_report/sitrep-sl-en-02-04_10_21.pdf,923954,923954,
Sri Lanka,2021-04-04,Oxford/AstraZeneca,https://www.epid.gov.lk/web/images/pdf/corona_virus_report/sitrep-sl-en-04-04_10_21.pdf,924479,924479,
Sri Lanka,2021-04-06,Oxford/AstraZeneca,https://www.epid.gov.lk/web/images/pdf/corona_virus_report/sitrep-sl-en-06-04_10_21.pdf,924536,924536,
Sri Lanka,2021-04-07,Oxford/AstraZeneca,https://www.epid.gov.lk/web/images/pdf/corona_virus_report/sitrep-sl-en-07-04_10_21.pdf,924687,924687,
Sri Lanka,2021-04-09,Oxford/AstraZeneca,https://www.epid.gov.lk/web/images/pdf/corona_virus_report/sitrep-sl-en-09-04_10_21.pdf,925082,925082,
Sri Lanka,2021-04-11,Oxford/AstraZeneca,https://www.epid.gov.lk/web/images/pdf/corona_virus_report/sitrep-sl-en-11-04_10_21.pdf,925242,925242,
Sri Lanka,2021-04-29,"Oxford/AstraZeneca, Sinopharm/Beijing",https://www.epid.gov.lk/web/images/pdf/corona_virus_report/sitrep-sl-en-29-04_10_21.pdf,933591,927711,5880
Sri Lanka,2021-04-30,"Oxford/AstraZeneca, Sinopharm/Beijing",https://www.epid.gov.lk/web/images/pdf/corona_virus_report/sitrep-sl-en-30-04_10_21.pdf,953461,928107,25354
Sri Lanka,2021-05-01,"Oxford/AstraZeneca, Sinopharm/Beijing",https://www.epid.gov.lk/web/images/pdf/corona_virus_report/sitrep-sl-en-01-05_10_21.pdf,991299,928107,63192
Sri Lanka,2021-05-02,"Oxford/AstraZeneca, Sinopharm/Beijing",https://www.epid.gov.lk/web/images/pdf/corona_virus_report/sitrep-sl-en-02-05_10_21.pdf,1016195,928107,88088
Sri Lanka,2021-05-03,"Oxford/AstraZeneca, Sinopharm/Beijing",https://www.epid.gov.lk/web/images/pdf/corona_virus_report/sitrep-sl-en-03-05_10_21.pdf,1024978,928107,96871
Sri Lanka,2021-05-04,"Oxford/AstraZeneca, Sinopharm/Beijing",https://www.epid.gov.lk/web/images/pdf/corona_virus_report/sitrep-sl-en-04-05_10_21.pdf,1048113,928107,120006
Sri Lanka,2021-05-05,"Oxford/AstraZeneca, Sinopharm/Beijing",https://www.epid.gov.lk/web/images/pdf/corona_virus_report/sitrep-sl-en-05-05_10_21.pdf,1069828,928107,141721
Sri Lanka,2021-05-06,"Oxford/AstraZeneca, Sinopharm/Beijing, Sputnik V",https://www.epid.gov.lk/web/images/pdf/corona_virus_report/sitrep-sl-en-06-05_10_21.pdf,1088093,928107,159986
Sri Lanka,2021-05-07,"Oxford/AstraZeneca, Sinopharm/Beijing, Sputnik V",https://www.epid.gov.lk/web/images/pdf/corona_virus_report/sitrep-sl-en-07-05_10_21.pdf,1105342,928107,177235
Sri Lanka,2021-05-09,"Oxford/AstraZeneca, Sinopharm/Beijing, Sputnik V",https://www.epid.gov.lk/web/images/pdf/corona_virus_report/sitrep-sl-en-09-05_10_21.pdf,1125740,928400,197340
Sri Lanka,2021-05-10,"Oxford/AstraZeneca, Sinopharm/Beijing, Sputnik V",https://www.epid.gov.lk/web/images/pdf/corona_virus_report/sitrep-sl-en-10-05_10_21.pdf,1130257,931276,198981
Sri Lanka,2021-05-11,"Oxford/AstraZeneca, Sinopharm/Beijing, Sputnik V",https://www.epid.gov.lk/web/images/pdf/corona_virus_report/sitrep-sl-en-11-05_10_21.pdf,1162770,948817,213953
Sri Lanka,2021-05-12,"Oxford/AstraZeneca, Sinopharm/Beijing, Sputnik V",https://www.epid.gov.lk/web/images/pdf/corona_virus_report/sitrep-sl-en-12-05_10_21.pdf,1220248,996445,223803
Sri Lanka,2021-05-13,"Oxford/AstraZeneca, Sinopharm/Beijing, Sputnik V",https://www.epid.gov.lk/web/images/pdf/corona_virus_report/sitrep-sl-en-13-05_10_21.pdf,1309840,1075848,233992
Sri Lanka,2021-05-14,"Oxford/AstraZeneca, Sinopharm/Beijing, Sputnik V",https://www.epid.gov.lk/web/images/pdf/corona_virus_report/sitrep-sl-en-14-05_10_21.pdf,1384079,1140122,243957
Sri Lanka,2021-05-16,"Oxford/AstraZeneca, Sinopharm/Beijing, Sputnik V",https://www.epid.gov.lk/web/images/pdf/corona_virus_report/sitrep-sl-en-16-05_10_21.pdf,1541761,1273861,267900
Sri Lanka,2021-05-17,"Oxford/AstraZeneca, Sinopharm/Beijing, Sputnik V",https://www.epid.gov.lk/web/images/pdf/corona_virus_report/sitrep-sl-en-17-05_10_21.pdf,1570070,1300558,269512
Sri Lanka,2021-05-18,"Oxford/AstraZeneca, Sinopharm/Beijing, Sputnik V",https://www.epid.gov.lk/web/images/pdf/corona_virus_report/sitrep-sl-en-18-05_10_21.pdf,1644957,1350065,294892
Sri Lanka,2021-05-19,"Oxford/AstraZeneca, Sinopharm/Beijing, Sputnik V",https://www.epid.gov.lk/web/images/pdf/corona_virus_report/sitrep-sl-en-19-05_10_21.pdf,1683203,1383082,300121
Sri Lanka,2021-05-20,"Oxford/AstraZeneca, Sinopharm/Beijing, Sputnik V",https://www.epid.gov.lk/web/images/pdf/corona_virus_report/sitrep-sl-en-20-05_10_21.pdf,1707323,1399927,307396
Sri Lanka,2021-05-21,"Oxford/AstraZeneca, Sinopharm/Beijing, Sputnik V",https://www.epid.gov.lk/web/images/pdf/corona_virus_report/sitrep-sl-en-21-05_10_21.pdf,1726749,1410615,316134
Sri Lanka,2021-05-22,"Oxford/AstraZeneca, Sinopharm/Beijing, Sputnik V",https://www.epid.gov.lk/web/images/pdf/corona_virus_report/sitrep-sl-en-22-05_10_21.pdf,1749366,1426735,322631
Sri Lanka,2021-05-23,"Oxford/AstraZeneca, Sinopharm/Beijing, Sputnik V",https://www.epid.gov.lk/web/images/pdf/corona_virus_report/sitrep-sl-en-23-05_10_21.pdf,1765378,1437147,328231
Sri Lanka,2021-05-24,"Oxford/AstraZeneca, Sinopharm/Beijing, Sputnik V",https://www.epid.gov.lk/web/images/pdf/corona_virus_report/sitrep-sl-en-24-05_10_21.pdf,1772924,1439501,333423
Sri Lanka,2021-05-25,"Oxford/AstraZeneca, Sinopharm/Beijing, Sputnik V",https://www.epid.gov.lk/web/images/pdf/corona_virus_report/sitrep-sl-en-25-05_10_21.pdf,1782429,1441501,340928
Sri Lanka,2021-05-26,"Oxford/AstraZeneca, Sinopharm/Beijing, Sputnik V",https://www.epid.gov.lk/web/images/pdf/corona_virus_report/sitrep-sl-en-26-05_10_21.pdf,1786343,1443066,343277
Sri Lanka,2021-05-27,"Oxford/AstraZeneca, Sinopharm/Beijing, Sputnik V",https://www.epid.gov.lk/web/images/pdf/corona_virus_report/sitrep-sl-en-27-05_10_21.pdf,1790688,1446712,343976
Sri Lanka,2021-05-28,"Oxford/AstraZeneca, Sinopharm/Beijing, Sputnik V",https://www.epid.gov.lk/web/images/pdf/corona_virus_report/sitrep-sl-en-28-05_10_21.pdf,1833048,1488651,344397
Sri Lanka,2021-05-29,"Oxford/AstraZeneca, Sinopharm/Beijing, Sputnik V",https://www.epid.gov.lk/web/images/pdf/corona_virus_report/sitrep-sl-en-29-05_10_21.pdf,1851001,1505273,345728
Sri Lanka,2021-05-30,"Oxford/AstraZeneca, Sinopharm/Beijing, Sputnik V",https://www.epid.gov.lk/web/images/pdf/corona_virus_report/sitrep-sl-en-30-05_10_21.pdf,1872990,1526750,346240
Sri Lanka,2021-05-31,"Oxford/AstraZeneca, Sinopharm/Beijing, Sputnik V",https://www.epid.gov.lk/web/images/pdf/corona_virus_report/sitrep-sl-en-31-05_10_21.pdf,1956742,1608518,348224
Sri Lanka,2021-06-01,"Oxford/AstraZeneca, Sinopharm/Beijing, Sputnik V",https://www.epid.gov.lk/web/images/pdf/corona_virus_report/sitrep-sl-en-01-06_10_21.pdf,2041307,1691562,349745
Sri Lanka,2021-06-02,"Oxford/AstraZeneca, Sinopharm/Beijing, Sputnik V",https://www.epid.gov.lk/web/images/pdf/corona_virus_report/sitrep-sl-en-02-06_10_21.pdf,2117653,1766636,351017
Sri Lanka,2021-06-05,"Oxford/AstraZeneca, Sinopharm/Beijing, Sputnik V",https://www.epid.gov.lk/web/images/pdf/corona_virus_report/sitrep-sl-en-05-06_10_21.pdf,2272260,1920801,351459
Sri Lanka,2021-06-06,"Oxford/AstraZeneca, Sinopharm/Beijing, Sputnik V",https://www.epid.gov.lk/web/images/pdf/corona_virus_report/sitrep-sl-en-06-06_10_21.pdf,2296864,1943708,353156